classification_id,user_name,user_id,user_ip,workflow_id,workflow_name,workflow_version,created_at,gold_standard,expert,metadata,annotations,subject_data,subject_ids
71425933,Pmason,1365766,05acb419b0613c3276ba,4994,Survey,75.2,2017-09-21 19:29:43 UTC,,,"{""session"":""843d47f00020d227c8124a7b03970c4272c098c3831c3b438304ee48e5bdf434"",""viewport"":{""width"":1024,""height"":638},""started_at"":""2017-09-21T19:26:27.307Z"",""user_agent"":""Mozilla/5.0 (Windows NT 10.0; Win64; x64; rv:55.0) Gecko/20100101 Firefox/55.0"",""utc_offset"":""14400"",""finished_at"":""2017-09-21T19:29:42.204Z"",""live_project"":false,""user_language"":""en"",""user_group_ids"":[],""subject_dimensions"":[{""clientWidth"":383,""clientHeight"":200,""naturalWidth"":766,""naturalHeight"":400}]}","[{""task"":""T0"",""value"":[{""choice"":""AARDVARK"",""answers"":{""HOWMANY"":""1"",""WHATBEHAVIORSDOYOUSEE"":[""MOVING""],""ARETHEREANYYOUNGPRESENT"":""NO""},""filters"":{}}]}]","{""13118619"":{""retired"":null,""Filename"":""aardvark-2.jpg""}}",13118619
71426706,Pmason,1365766,05acb419b0613c3276ba,4994,Survey,106.2,2017-09-21 19:37:22 UTC,,,"{""session"":""0b9d9880f51b324c01a98f1822e52d3dba3f2318796aa8733dee963c60c14de5"",""viewport"":{""width"":1024,""height"":638},""started_at"":""2017-09-21T19:35:40.269Z"",""user_agent"":""Mozilla/5.0 (Windows NT 10.0; Win64; x64; rv:55.0) Gecko/20100101 Firefox/55.0"",""utc_offset"":""14400"",""finished_at"":""2017-09-21T19:37:21.199Z"",""live_project"":false,""user_language"":""en"",""user_group_ids"":[],""subject_dimensions"":[{""clientWidth"":383,""clientHeight"":200,""naturalWidth"":766,""naturalHeight"":400}]}","[{""task"":""T0"",""value"":[{""choice"":""CIVET"",""answers"":{""HOWMANY"":""1"",""WHATBEHAVIORSDOYOUSEE"":[""MOVING""],""ARETHEREANYYOUNGPRESENT"":""NO""},""filters"":{""LIKE"":""WEASEL""}}]}]","{""13118618"":{""retired"":null,""Filename"":""genet-2.jpg""}}",13118618
71426967,Pmason,1365766,05acb419b0613c3276ba,4994,Survey,106.2,2017-09-21 19:40:09 UTC,,,"{""session"":""0b9d9880f51b324c01a98f1822e52d3dba3f2318796aa8733dee963c60c14de5"",""viewport"":{""width"":1024,""height"":638},""started_at"":""2017-09-21T19:37:31.752Z"",""user_agent"":""Mozilla/5.0 (Windows NT 10.0; Win64; x64; rv:55.0) Gecko/20100101 Firefox/55.0"",""utc_offset"":""14400"",""finished_at"":""2017-09-21T19:40:07.789Z"",""live_project"":false,""user_language"":""en"",""user_group_ids"":[],""subject_dimensions"":[{""clientWidth"":383,""clientHeight"":200,""naturalWidth"":766,""naturalHeight"":400}]}","[{""task"":""T0"",""value"":[{""choice"":""CIVET"",""answers"":{""HOWMANY"":""1"",""WHATBEHAVIORSDOYOUSEE"":[""STANDING""],""ARETHEREANYYOUNGPRESENT"":""NO""},""filters"":{""LIKE"":""WEASEL"",""PATTERN"":""STRIPES""}}]}]","{""13118617"":{""retired"":null,""Filename"":""civet-3.jpg""}}",13118617
71427182,Pmason,1365766,05acb419b0613c3276ba,4994,Survey,106.2,2017-09-21 19:42:39 UTC,,,"{""session"":""0b9d9880f51b324c01a98f1822e52d3dba3f2318796aa8733dee963c60c14de5"",""viewport"":{""width"":1024,""height"":638},""started_at"":""2017-09-21T19:40:12.006Z"",""user_agent"":""Mozilla/5.0 (Windows NT 10.0; Win64; x64; rv:55.0) Gecko/20100101 Firefox/55.0"",""utc_offset"":""14400"",""finished_at"":""2017-09-21T19:42:38.148Z"",""live_project"":false,""user_language"":""en"",""user_group_ids"":[],""subject_dimensions"":[{""clientWidth"":383,""clientHeight"":200,""naturalWidth"":766,""naturalHeight"":400}]}","[{""task"":""T0"",""value"":[{""choice"":""CARACAL"",""answers"":{""HOWMANY"":""1"",""WHATBEHAVIORSDOYOUSEE"":[""STANDING""],""ARETHEREANYYOUNGPRESENT"":""NO""},""filters"":{""LIKE"":""CATDOG""}}]}]","{""13118616"":{""retired"":null,""Filename"":""caracal-3.jpg""}}",13118616
71427228,Pmason,1365766,05acb419b0613c3276ba,4994,Survey,106.2,2017-09-21 19:43:04 UTC,,,"{""session"":""0b9d9880f51b324c01a98f1822e52d3dba3f2318796aa8733dee963c60c14de5"",""viewport"":{""width"":1024,""height"":638},""started_at"":""2017-09-21T19:42:42.585Z"",""user_agent"":""Mozilla/5.0 (Windows NT 10.0; Win64; x64; rv:55.0) Gecko/20100101 Firefox/55.0"",""utc_offset"":""14400"",""finished_at"":""2017-09-21T19:43:03.084Z"",""live_project"":false,""user_language"":""en"",""user_group_ids"":[],""subject_dimensions"":[{""clientWidth"":383,""clientHeight"":200,""naturalWidth"":766,""naturalHeight"":400}]}","[{""task"":""T0"",""value"":[{""choice"":""BUFFALO"",""answers"":{""HOWMANY"":""1"",""WHATBEHAVIORSDOYOUSEE"":[""EATING""],""ARETHEREANYYOUNGPRESENT"":""NO""},""filters"":{}}]}]","{""13118615"":{""retired"":null,""Filename"":""buffalo-1.jpg""}}",13118615
71516194,Pmason,1365766,6f88714c602d4335d94e,4994,Survey,106.2,2017-09-22 15:33:20 UTC,,,"{""session"":""a68c9f4a2e23197289627e541727eafc575752b22d62dece95dd5f790d5024fa"",""viewport"":{""width"":1024,""height"":638},""started_at"":""2017-09-22T15:32:10.719Z"",""user_agent"":""Mozilla/5.0 (Windows NT 10.0; Win64; x64; rv:55.0) Gecko/20100101 Firefox/55.0"",""utc_offset"":""14400"",""finished_at"":""2017-09-22T15:33:18.307Z"",""seen_before"":true,""live_project"":false,""user_language"":""en"",""user_group_ids"":[],""subject_dimensions"":[{""clientWidth"":383,""clientHeight"":200,""naturalWidth"":766,""naturalHeight"":400}]}","[{""task"":""T0"",""value"":[{""choice"":""AARDVARK"",""answers"":{""HOWMANY"":""1"",""WHATBEHAVIORSDOYOUSEE"":[""MOVING""],""ARETHEREANYYOUNGPRESENT"":""NO""},""filters"":{}}]}]","{""13118619"":{""retired"":null,""Filename"":""aardvark-2.jpg""}}",13118619
71516582,Pmason,1365766,6f88714c602d4335d94e,4994,Survey,106.2,2017-09-22 15:36:01 UTC,,,"{""session"":""a68c9f4a2e23197289627e541727eafc575752b22d62dece95dd5f790d5024fa"",""viewport"":{""width"":1024,""height"":638},""started_at"":""2017-09-22T15:33:28.955Z"",""user_agent"":""Mozilla/5.0 (Windows NT 10.0; Win64; x64; rv:55.0) Gecko/20100101 Firefox/55.0"",""utc_offset"":""14400"",""finished_at"":""2017-09-22T15:35:59.962Z"",""seen_before"":true,""live_project"":false,""user_language"":""en"",""user_group_ids"":[],""subject_dimensions"":[{""clientWidth"":383,""clientHeight"":200,""naturalWidth"":766,""naturalHeight"":400}]}","[{""task"":""T0"",""value"":[{""choice"":""CARACAL"",""answers"":{""HOWMANY"":""1"",""WHATBEHAVIORSDOYOUSEE"":[""STANDING""],""ARETHEREANYYOUNGPRESENT"":""NO""},""filters"":{}}]}]","{""13118616"":{""retired"":null,""Filename"":""caracal-3.jpg""}}",13118616
71516897,4u2c,1456360,6f88714c602d4335d94e,4994,Survey,106.2,2017-09-22 15:38:43 UTC,,,"{""session"":""1cbe3acc4e3e48731d21faf1b19806b776e4c5295890476c9ec787d5c9c0e30e"",""viewport"":{""width"":1024,""height"":638},""started_at"":""2017-09-22T15:37:53.741Z"",""user_agent"":""Mozilla/5.0 (Windows NT 10.0; Win64; x64; rv:55.0) Gecko/20100101 Firefox/55.0"",""utc_offset"":""14400"",""finished_at"":""2017-09-22T15:38:42.216Z"",""live_project"":false,""user_language"":""en"",""user_group_ids"":[],""subject_dimensions"":[{""clientWidth"":383,""clientHeight"":200,""naturalWidth"":766,""naturalHeight"":400}]}","[{""task"":""T0"",""value"":[{""choice"":""CARACAL"",""answers"":{""HOWMANY"":""1"",""WHATBEHAVIORSDOYOUSEE"":[""STANDING""],""ARETHEREANYYOUNGPRESENT"":""NO""},""filters"":{}}]}]","{""13118616"":{""retired"":null,""Filename"":""caracal-3.jpg""}}",13118616
71518689,not-logged-in-6f88714c602d4335d94e,,6f88714c602d4335d94e,4994,Survey,106.2,2017-09-22 15:53:21 UTC,,,"{""session"":""1c00752dfbc0a163bedd7190b037f3abd80273a1ae1c59334b147d281d13a907"",""viewport"":{""width"":1024,""height"":638},""started_at"":""2017-09-22T15:53:04.471Z"",""user_agent"":""Mozilla/5.0 (Windows NT 10.0; Win64; x64; rv:55.0) Gecko/20100101 Firefox/55.0"",""utc_offset"":""14400"",""finished_at"":""2017-09-22T15:53:19.329Z"",""live_project"":false,""user_language"":""en"",""subject_dimensions"":[{""clientWidth"":383,""clientHeight"":200,""naturalWidth"":766,""naturalHeight"":400}]}","[{""task"":""T0"",""value"":[{""choice"":""CARACAL"",""answers"":{""HOWMANY"":""1"",""WHATBEHAVIORSDOYOUSEE"":[""STANDING""],""ARETHEREANYYOUNGPRESENT"":""NO""},""filters"":{}}]}]","{""13118616"":{""retired"":null,""Filename"":""caracal-3.jpg""}}",13118616
71518854,not-logged-in-efdcc30d02f11ba73442,,efdcc30d02f11ba73442,4994,Survey,106.2,2017-09-22 15:54:28 UTC,,,"{""session"":""1c00752dfbc0a163bedd7190b037f3abd80273a1ae1c59334b147d281d13a907"",""viewport"":{""width"":1024,""height"":638},""started_at"":""2017-09-22T15:53:24.082Z"",""user_agent"":""Mozilla/5.0 (Windows NT 10.0; Win64; x64; rv:55.0) Gecko/20100101 Firefox/55.0"",""utc_offset"":""14400"",""finished_at"":""2017-09-22T15:54:26.897Z"",""live_project"":false,""user_language"":""en"",""subject_dimensions"":[{""clientWidth"":383,""clientHeight"":200,""naturalWidth"":766,""naturalHeight"":400}]}","[{""task"":""T0"",""value"":[{""choice"":""BUFFALO"",""answers"":{""HOWMANY"":""1"",""WHATBEHAVIORSDOYOUSEE"":[""EATING""],""ARETHEREANYYOUNGPRESENT"":""NO""},""filters"":{}}]}]","{""13118615"":{""retired"":null,""Filename"":""buffalo-1.jpg""}}",13118615
71518933,not-logged-in-efdcc30d02f11ba73442,,efdcc30d02f11ba73442,4994,Survey,106.2,2017-09-22 15:54:59 UTC,,,"{""session"":""1c00752dfbc0a163bedd7190b037f3abd80273a1ae1c59334b147d281d13a907"",""viewport"":{""width"":1024,""height"":638},""started_at"":""2017-09-22T15:54:34.346Z"",""user_agent"":""Mozilla/5.0 (Windows NT 10.0; Win64; x64; rv:55.0) Gecko/20100101 Firefox/55.0"",""utc_offset"":""14400"",""finished_at"":""2017-09-22T15:54:57.705Z"",""live_project"":false,""user_language"":""en"",""subject_dimensions"":[{""clientWidth"":383,""clientHeight"":200,""naturalWidth"":766,""naturalHeight"":400}]}","[{""task"":""T0"",""value"":[{""choice"":""CIVET"",""answers"":{""HOWMANY"":""1"",""WHATBEHAVIORSDOYOUSEE"":[""STANDING""],""ARETHEREANYYOUNGPRESENT"":""NO""},""filters"":{}}]}]","{""13118617"":{""retired"":null,""Filename"":""civet-3.jpg""}}",13118617
71519089,Pmason,1365766,efdcc30d02f11ba73442,4994,Survey,106.2,2017-09-22 15:55:56 UTC,,,"{""session"":""1c00752dfbc0a163bedd7190b037f3abd80273a1ae1c59334b147d281d13a907"",""viewport"":{""width"":1024,""height"":638},""started_at"":""2017-09-22T15:54:59.185Z"",""user_agent"":""Mozilla/5.0 (Windows NT 10.0; Win64; x64; rv:55.0) Gecko/20100101 Firefox/55.0"",""utc_offset"":""14400"",""finished_at"":""2017-09-22T15:55:55.096Z"",""seen_before"":true,""live_project"":false,""user_language"":""en"",""user_group_ids"":[],""subject_dimensions"":[{""clientWidth"":383,""clientHeight"":200,""naturalWidth"":766,""naturalHeight"":400}]}","[{""task"":""T0"",""value"":[{""choice"":""GENET"",""answers"":{""HOWMANY"":""1"",""WHATBEHAVIORSDOYOUSEE"":[""MOVING""],""ARETHEREANYYOUNGPRESENT"":""NO""},""filters"":{}}]}]","{""13118618"":{""retired"":null,""Filename"":""genet-2.jpg""}}",13118618
71519312,Pmason,1365766,efdcc30d02f11ba73442,4994,Survey,106.2,2017-09-22 15:57:27 UTC,,,"{""session"":""3b7ac43452099f15250602520e7dc5bd5c9b132bf704e409c346fa17ccbaa1ba"",""viewport"":{""width"":1024,""height"":638},""started_at"":""2017-09-22T15:56:59.899Z"",""user_agent"":""Mozilla/5.0 (Windows NT 10.0; Win64; x64; rv:55.0) Gecko/20100101 Firefox/55.0"",""utc_offset"":""14400"",""finished_at"":""2017-09-22T15:57:25.911Z"",""seen_before"":true,""live_project"":false,""user_language"":""en"",""user_group_ids"":[],""subject_dimensions"":[{""clientWidth"":383,""clientHeight"":200,""naturalWidth"":766,""naturalHeight"":400}]}","[{""task"":""T0"",""value"":[{""choice"":""CIVET"",""answers"":{""HOWMANY"":""1"",""WHATBEHAVIORSDOYOUSEE"":[""STANDING""],""ARETHEREANYYOUNGPRESENT"":""NO""},""filters"":{}}]}]","{""13118617"":{""retired"":null,""Filename"":""civet-3.jpg""}}",13118617
71519353,Pmason,1365766,efdcc30d02f11ba73442,4994,Survey,106.2,2017-09-22 15:57:48 UTC,,,"{""session"":""3b7ac43452099f15250602520e7dc5bd5c9b132bf704e409c346fa17ccbaa1ba"",""viewport"":{""width"":1024,""height"":638},""started_at"":""2017-09-22T15:57:30.456Z"",""user_agent"":""Mozilla/5.0 (Windows NT 10.0; Win64; x64; rv:55.0) Gecko/20100101 Firefox/55.0"",""utc_offset"":""14400"",""finished_at"":""2017-09-22T15:57:47.247Z"",""seen_before"":true,""live_project"":false,""user_language"":""en"",""user_group_ids"":[],""subject_dimensions"":[{""clientWidth"":383,""clientHeight"":200,""naturalWidth"":766,""naturalHeight"":400}]}","[{""task"":""T0"",""value"":[{""choice"":""AARDVARK"",""answers"":{""HOWMANY"":""1"",""WHATBEHAVIORSDOYOUSEE"":[""MOVING""],""ARETHEREANYYOUNGPRESENT"":""NO""},""filters"":{}}]}]","{""13118619"":{""retired"":null,""Filename"":""aardvark-2.jpg""}}",13118619
71519431,Pmason,1365766,efdcc30d02f11ba73442,4994,Survey,106.2,2017-09-22 15:58:23 UTC,,,"{""session"":""3b7ac43452099f15250602520e7dc5bd5c9b132bf704e409c346fa17ccbaa1ba"",""viewport"":{""width"":1024,""height"":638},""started_at"":""2017-09-22T15:58:09.488Z"",""user_agent"":""Mozilla/5.0 (Windows NT 10.0; Win64; x64; rv:55.0) Gecko/20100101 Firefox/55.0"",""utc_offset"":""14400"",""finished_at"":""2017-09-22T15:58:22.255Z"",""seen_before"":true,""live_project"":false,""user_language"":""en"",""user_group_ids"":[],""subject_dimensions"":[{""clientWidth"":383,""clientHeight"":200,""naturalWidth"":766,""naturalHeight"":400}]}","[{""task"":""T0"",""value"":[{""choice"":""CARACAL"",""answers"":{""HOWMANY"":""1"",""WHATBEHAVIORSDOYOUSEE"":[""STANDING""],""ARETHEREANYYOUNGPRESENT"":""NO""},""filters"":{}}]}]","{""13118616"":{""retired"":null,""Filename"":""caracal-3.jpg""}}",13118616
71519546,4u2c,1456360,efdcc30d02f11ba73442,4994,Survey,106.2,2017-09-22 15:59:18 UTC,,,"{""session"":""3b7ac43452099f15250602520e7dc5bd5c9b132bf704e409c346fa17ccbaa1ba"",""viewport"":{""width"":1024,""height"":638},""started_at"":""2017-09-22T15:59:03.396Z"",""user_agent"":""Mozilla/5.0 (Windows NT 10.0; Win64; x64; rv:55.0) Gecko/20100101 Firefox/55.0"",""utc_offset"":""14400"",""finished_at"":""2017-09-22T15:59:16.695Z"",""live_project"":false,""user_language"":""en"",""user_group_ids"":[],""subject_dimensions"":[{""clientWidth"":383,""clientHeight"":200,""naturalWidth"":766,""naturalHeight"":400}]}","[{""task"":""T0"",""value"":[{""choice"":""BUFFALO"",""answers"":{""HOWMANY"":""1"",""WHATBEHAVIORSDOYOUSEE"":[""EATING""],""ARETHEREANYYOUNGPRESENT"":""NO""},""filters"":{}}]}]","{""13118615"":{""retired"":null,""Filename"":""buffalo-1.jpg""}}",13118615
71519577,4u2c,1456360,efdcc30d02f11ba73442,4994,Survey,106.2,2017-09-22 15:59:35 UTC,,,"{""session"":""3b7ac43452099f15250602520e7dc5bd5c9b132bf704e409c346fa17ccbaa1ba"",""viewport"":{""width"":1024,""height"":638},""started_at"":""2017-09-22T15:59:20.321Z"",""user_agent"":""Mozilla/5.0 (Windows NT 10.0; Win64; x64; rv:55.0) Gecko/20100101 Firefox/55.0"",""utc_offset"":""14400"",""finished_at"":""2017-09-22T15:59:34.270Z"",""live_project"":false,""user_language"":""en"",""user_group_ids"":[],""subject_dimensions"":[{""clientWidth"":383,""clientHeight"":200,""naturalWidth"":766,""naturalHeight"":400}]}","[{""task"":""T0"",""value"":[{""choice"":""CIVET"",""answers"":{""HOWMANY"":""1"",""WHATBEHAVIORSDOYOUSEE"":[""STANDING""],""ARETHEREANYYOUNGPRESENT"":""NO""},""filters"":{}}]}]","{""13118617"":{""retired"":null,""Filename"":""civet-3.jpg""}}",13118617
71519603,4u2c,1456360,efdcc30d02f11ba73442,4994,Survey,106.2,2017-09-22 15:59:51 UTC,,,"{""session"":""3b7ac43452099f15250602520e7dc5bd5c9b132bf704e409c346fa17ccbaa1ba"",""viewport"":{""width"":1024,""height"":638},""started_at"":""2017-09-22T15:59:36.119Z"",""user_agent"":""Mozilla/5.0 (Windows NT 10.0; Win64; x64; rv:55.0) Gecko/20100101 Firefox/55.0"",""utc_offset"":""14400"",""finished_at"":""2017-09-22T15:59:49.998Z"",""live_project"":false,""user_language"":""en"",""user_group_ids"":[],""subject_dimensions"":[{""clientWidth"":383,""clientHeight"":200,""naturalWidth"":766,""naturalHeight"":400}]}","[{""task"":""T0"",""value"":[{""choice"":""GENET"",""answers"":{""HOWMANY"":""1"",""WHATBEHAVIORSDOYOUSEE"":[""MOVING""],""ARETHEREANYYOUNGPRESENT"":""NO""},""filters"":{}}]}]","{""13118618"":{""retired"":null,""Filename"":""genet-2.jpg""}}",13118618
71519642,4u2c,1456360,efdcc30d02f11ba73442,4994,Survey,106.2,2017-09-22 16:00:12 UTC,,,"{""session"":""3b7ac43452099f15250602520e7dc5bd5c9b132bf704e409c346fa17ccbaa1ba"",""viewport"":{""width"":1024,""height"":638},""started_at"":""2017-09-22T15:59:51.793Z"",""user_agent"":""Mozilla/5.0 (Windows NT 10.0; Win64; x64; rv:55.0) Gecko/20100101 Firefox/55.0"",""utc_offset"":""14400"",""finished_at"":""2017-09-22T16:00:10.334Z"",""live_project"":false,""user_language"":""en"",""user_group_ids"":[],""subject_dimensions"":[{""clientWidth"":383,""clientHeight"":200,""naturalWidth"":766,""naturalHeight"":400}]}","[{""task"":""T0"",""value"":[{""choice"":""AARDVARK"",""answers"":{""HOWMANY"":""1"",""WHATBEHAVIORSDOYOUSEE"":[""MOVING""],""ARETHEREANYYOUNGPRESENT"":""NO""},""filters"":{}}]}]","{""13118619"":{""retired"":null,""Filename"":""aardvark-2.jpg""}}",13118619
71519817,not-logged-in-efdcc30d02f11ba73442,,efdcc30d02f11ba73442,4994,Survey,106.2,2017-09-22 16:01:19 UTC,,,"{""session"":""b798526736beaa73adccafe567543f643cafc3f345391f443dd7663a983a0f0a"",""viewport"":{""width"":1024,""height"":638},""started_at"":""2017-09-22T16:00:57.736Z"",""user_agent"":""Mozilla/5.0 (Windows NT 10.0; Win64; x64; rv:55.0) Gecko/20100101 Firefox/55.0"",""utc_offset"":""14400"",""finished_at"":""2017-09-22T16:01:17.533Z"",""live_project"":false,""user_language"":""en"",""subject_dimensions"":[{""clientWidth"":383,""clientHeight"":200,""naturalWidth"":766,""naturalHeight"":400}]}","[{""task"":""T0"",""value"":[{""choice"":""CARACAL"",""answers"":{""HOWMANY"":""1"",""WHATBEHAVIORSDOYOUSEE"":[""STANDING""],""ARETHEREANYYOUNGPRESENT"":""NO""},""filters"":{}}]}]","{""13118616"":{""retired"":null,""Filename"":""caracal-3.jpg""}}",13118616
71519843,not-logged-in-efdcc30d02f11ba73442,,efdcc30d02f11ba73442,4994,Survey,106.2,2017-09-22 16:01:30 UTC,,,"{""session"":""b798526736beaa73adccafe567543f643cafc3f345391f443dd7663a983a0f0a"",""viewport"":{""width"":1024,""height"":638},""started_at"":""2017-09-22T16:01:18.742Z"",""user_agent"":""Mozilla/5.0 (Windows NT 10.0; Win64; x64; rv:55.0) Gecko/20100101 Firefox/55.0"",""utc_offset"":""14400"",""finished_at"":""2017-09-22T16:01:29.022Z"",""live_project"":false,""user_language"":""en"",""subject_dimensions"":[{""clientWidth"":383,""clientHeight"":200,""naturalWidth"":766,""naturalHeight"":400}]}","[{""task"":""T0"",""value"":[{""choice"":""AARDVARK"",""answers"":{""HOWMANY"":""1"",""WHATBEHAVIORSDOYOUSEE"":[""MOVING""],""ARETHEREANYYOUNGPRESENT"":""NO""},""filters"":{}}]}]","{""13118619"":{""retired"":null,""Filename"":""aardvark-2.jpg""}}",13118619
71519892,not-logged-in-efdcc30d02f11ba73442,,efdcc30d02f11ba73442,4994,Survey,106.2,2017-09-22 16:01:53 UTC,,,"{""session"":""b798526736beaa73adccafe567543f643cafc3f345391f443dd7663a983a0f0a"",""viewport"":{""width"":1024,""height"":638},""started_at"":""2017-09-22T16:01:30.598Z"",""user_agent"":""Mozilla/5.0 (Windows NT 10.0; Win64; x64; rv:55.0) Gecko/20100101 Firefox/55.0"",""utc_offset"":""14400"",""finished_at"":""2017-09-22T16:01:52.253Z"",""live_project"":false,""user_language"":""en"",""subject_dimensions"":[{""clientWidth"":383,""clientHeight"":200,""naturalWidth"":766,""naturalHeight"":400}]}","[{""task"":""T0"",""value"":[{""choice"":""GENET"",""answers"":{""HOWMANY"":""1"",""WHATBEHAVIORSDOYOUSEE"":[""MOVING""],""ARETHEREANYYOUNGPRESENT"":""NO""},""filters"":{}}]}]","{""13118618"":{""retired"":null,""Filename"":""genet-2.jpg""}}",13118618
71519914,not-logged-in-efdcc30d02f11ba73442,,efdcc30d02f11ba73442,4994,Survey,106.2,2017-09-22 16:02:07 UTC,,,"{""session"":""b798526736beaa73adccafe567543f643cafc3f345391f443dd7663a983a0f0a"",""viewport"":{""width"":1024,""height"":638},""started_at"":""2017-09-22T16:01:53.390Z"",""user_agent"":""Mozilla/5.0 (Windows NT 10.0; Win64; x64; rv:55.0) Gecko/20100101 Firefox/55.0"",""utc_offset"":""14400"",""finished_at"":""2017-09-22T16:02:05.893Z"",""live_project"":false,""user_language"":""en"",""subject_dimensions"":[{""clientWidth"":383,""clientHeight"":200,""naturalWidth"":766,""naturalHeight"":400}]}","[{""task"":""T0"",""value"":[{""choice"":""CIVET"",""answers"":{""HOWMANY"":""1"",""WHATBEHAVIORSDOYOUSEE"":[""STANDING""],""ARETHEREANYYOUNGPRESENT"":""NO""},""filters"":{}}]}]","{""13118617"":{""retired"":null,""Filename"":""civet-3.jpg""}}",13118617
71519939,not-logged-in-efdcc30d02f11ba73442,,efdcc30d02f11ba73442,4994,Survey,106.2,2017-09-22 16:02:20 UTC,,,"{""session"":""b798526736beaa73adccafe567543f643cafc3f345391f443dd7663a983a0f0a"",""viewport"":{""width"":1024,""height"":638},""started_at"":""2017-09-22T16:02:08.728Z"",""user_agent"":""Mozilla/5.0 (Windows NT 10.0; Win64; x64; rv:55.0) Gecko/20100101 Firefox/55.0"",""utc_offset"":""14400"",""finished_at"":""2017-09-22T16:02:18.317Z"",""live_project"":false,""user_language"":""en"",""subject_dimensions"":[{""clientWidth"":383,""clientHeight"":200,""naturalWidth"":766,""naturalHeight"":400}]}","[{""task"":""T0"",""value"":[{""choice"":""BUFFALO"",""answers"":{""HOWMANY"":""1"",""WHATBEHAVIORSDOYOUSEE"":[""EATING""],""ARETHEREANYYOUNGPRESENT"":""NO""},""filters"":{}}]}]","{""13118615"":{""retired"":null,""Filename"":""buffalo-1.jpg""}}",13118615
71520064,not-logged-in-efdcc30d02f11ba73442,,efdcc30d02f11ba73442,4994,Survey,106.2,2017-09-22 16:03:17 UTC,,,"{""session"":""18f34337caad36f2a24461a11460d80babc169da3e6ce626c8835184cbf12203"",""viewport"":{""width"":1024,""height"":638},""started_at"":""2017-09-22T16:03:02.636Z"",""user_agent"":""Mozilla/5.0 (Windows NT 10.0; Win64; x64; rv:55.0) Gecko/20100101 Firefox/55.0"",""utc_offset"":""14400"",""finished_at"":""2017-09-22T16:03:15.852Z"",""live_project"":false,""user_language"":""en"",""subject_dimensions"":[{""clientWidth"":383,""clientHeight"":200,""naturalWidth"":766,""naturalHeight"":400}]}","[{""task"":""T0"",""value"":[{""choice"":""AARDVARK"",""answers"":{""HOWMANY"":""1"",""WHATBEHAVIORSDOYOUSEE"":[""MOVING""],""ARETHEREANYYOUNGPRESENT"":""NO""},""filters"":{}}]}]","{""13118619"":{""retired"":null,""Filename"":""aardvark-2.jpg""}}",13118619
71520091,not-logged-in-efdcc30d02f11ba73442,,efdcc30d02f11ba73442,4994,Survey,106.2,2017-09-22 16:03:35 UTC,,,"{""session"":""18f34337caad36f2a24461a11460d80babc169da3e6ce626c8835184cbf12203"",""viewport"":{""width"":1024,""height"":638},""started_at"":""2017-09-22T16:03:17.357Z"",""user_agent"":""Mozilla/5.0 (Windows NT 10.0; Win64; x64; rv:55.0) Gecko/20100101 Firefox/55.0"",""utc_offset"":""14400"",""finished_at"":""2017-09-22T16:03:34.213Z"",""live_project"":false,""user_language"":""en"",""subject_dimensions"":[{""clientWidth"":383,""clientHeight"":200,""naturalWidth"":766,""naturalHeight"":400}]}","[{""task"":""T0"",""value"":[{""choice"":""GENET"",""answers"":{""HOWMANY"":""1"",""WHATBEHAVIORSDOYOUSEE"":[""STANDING""],""ARETHEREANYYOUNGPRESENT"":""NO""},""filters"":{}}]}]","{""13118618"":{""retired"":null,""Filename"":""genet-2.jpg""}}",13118618
71520109,not-logged-in-efdcc30d02f11ba73442,,efdcc30d02f11ba73442,4994,Survey,106.2,2017-09-22 16:03:47 UTC,,,"{""session"":""18f34337caad36f2a24461a11460d80babc169da3e6ce626c8835184cbf12203"",""viewport"":{""width"":1024,""height"":638},""started_at"":""2017-09-22T16:03:36.037Z"",""user_agent"":""Mozilla/5.0 (Windows NT 10.0; Win64; x64; rv:55.0) Gecko/20100101 Firefox/55.0"",""utc_offset"":""14400"",""finished_at"":""2017-09-22T16:03:45.412Z"",""live_project"":false,""user_language"":""en"",""subject_dimensions"":[{""clientWidth"":383,""clientHeight"":200,""naturalWidth"":766,""naturalHeight"":400}]}","[{""task"":""T0"",""value"":[{""choice"":""CIVET"",""answers"":{""HOWMANY"":""1"",""WHATBEHAVIORSDOYOUSEE"":[""STANDING""],""ARETHEREANYYOUNGPRESENT"":""NO""},""filters"":{}}]}]","{""13118617"":{""retired"":null,""Filename"":""civet-3.jpg""}}",13118617
71520126,not-logged-in-efdcc30d02f11ba73442,,efdcc30d02f11ba73442,4994,Survey,106.2,2017-09-22 16:03:59 UTC,,,"{""session"":""18f34337caad36f2a24461a11460d80babc169da3e6ce626c8835184cbf12203"",""viewport"":{""width"":1024,""height"":638},""started_at"":""2017-09-22T16:03:46.365Z"",""user_agent"":""Mozilla/5.0 (Windows NT 10.0; Win64; x64; rv:55.0) Gecko/20100101 Firefox/55.0"",""utc_offset"":""14400"",""finished_at"":""2017-09-22T16:03:57.780Z"",""live_project"":false,""user_language"":""en"",""subject_dimensions"":[{""clientWidth"":383,""clientHeight"":200,""naturalWidth"":766,""naturalHeight"":400}]}","[{""task"":""T0"",""value"":[{""choice"":""CARACAL"",""answers"":{""HOWMANY"":""1"",""WHATBEHAVIORSDOYOUSEE"":[""STANDING""],""ARETHEREANYYOUNGPRESENT"":""NO""},""filters"":{}}]}]","{""13118616"":{""retired"":null,""Filename"":""caracal-3.jpg""}}",13118616
71520143,not-logged-in-efdcc30d02f11ba73442,,efdcc30d02f11ba73442,4994,Survey,106.2,2017-09-22 16:04:10 UTC,,,"{""session"":""18f34337caad36f2a24461a11460d80babc169da3e6ce626c8835184cbf12203"",""viewport"":{""width"":1024,""height"":638},""started_at"":""2017-09-22T16:03:58.983Z"",""user_agent"":""Mozilla/5.0 (Windows NT 10.0; Win64; x64; rv:55.0) Gecko/20100101 Firefox/55.0"",""utc_offset"":""14400"",""finished_at"":""2017-09-22T16:04:08.932Z"",""live_project"":false,""user_language"":""en"",""subject_dimensions"":[{""clientWidth"":383,""clientHeight"":200,""naturalWidth"":766,""naturalHeight"":400}]}","[{""task"":""T0"",""value"":[{""choice"":""BUFFALO"",""answers"":{""HOWMANY"":""1"",""WHATBEHAVIORSDOYOUSEE"":[""EATING""],""ARETHEREANYYOUNGPRESENT"":""NO""},""filters"":{}}]}]","{""13118615"":{""retired"":null,""Filename"":""buffalo-1.jpg""}}",13118615
71522306,Pmason,1365766,efdcc30d02f11ba73442,4994,Survey,106.2,2017-09-22 16:26:26 UTC,,,"{""session"":""129caa8544f75be44e117da005275f975fb2310e413436c6ffb11749b8c80c38"",""viewport"":{""width"":1024,""height"":638},""started_at"":""2017-09-22T16:26:09.069Z"",""user_agent"":""Mozilla/5.0 (Windows NT 10.0; Win64; x64; rv:55.0) Gecko/20100101 Firefox/55.0"",""utc_offset"":""14400"",""finished_at"":""2017-09-22T16:26:25.178Z"",""seen_before"":true,""live_project"":false,""user_language"":""en"",""user_group_ids"":[],""subject_dimensions"":[{""clientWidth"":383,""clientHeight"":200,""naturalWidth"":766,""naturalHeight"":400}]}","[{""task"":""T0"",""value"":[{""choice"":""CIVET"",""answers"":{""HOWMANY"":""1"",""WHATBEHAVIORSDOYOUSEE"":[""STANDING""],""ARETHEREANYYOUNGPRESENT"":""NO""},""filters"":{}}]}]","{""13118617"":{""retired"":null,""Filename"":""civet-3.jpg""}}",13118617
71522454,Pmason,1365766,efdcc30d02f11ba73442,4994,Survey,106.2,2017-09-22 16:28:01 UTC,,,"{""session"":""129caa8544f75be44e117da005275f975fb2310e413436c6ffb11749b8c80c38"",""viewport"":{""width"":1024,""height"":767},""started_at"":""2017-09-22T16:27:04.163Z"",""user_agent"":""Mozilla/5.0 (Windows NT 10.0; Win64; x64; rv:55.0) Gecko/20100101 Firefox/55.0"",""utc_offset"":""14400"",""finished_at"":""2017-09-22T16:27:59.457Z"",""seen_before"":true,""live_project"":false,""user_language"":""en"",""user_group_ids"":[],""subject_dimensions"":[{""clientWidth"":383,""clientHeight"":200,""naturalWidth"":766,""naturalHeight"":400}]}","[{""task"":""T0"",""value"":[{""choice"":""GENET"",""answers"":{""HOWMANY"":""1"",""WHATBEHAVIORSDOYOUSEE"":[""STANDING""],""ARETHEREANYYOUNGPRESENT"":""NO""},""filters"":{}}]}]","{""13118618"":{""retired"":null,""Filename"":""genet-2.jpg""}}",13118618
71522508,Pmason,1365766,efdcc30d02f11ba73442,4994,Survey,106.2,2017-09-22 16:28:30 UTC,,,"{""session"":""129caa8544f75be44e117da005275f975fb2310e413436c6ffb11749b8c80c38"",""viewport"":{""width"":1024,""height"":767},""started_at"":""2017-09-22T16:28:02.481Z"",""user_agent"":""Mozilla/5.0 (Windows NT 10.0; Win64; x64; rv:55.0) Gecko/20100101 Firefox/55.0"",""utc_offset"":""14400"",""finished_at"":""2017-09-22T16:28:28.024Z"",""seen_before"":true,""live_project"":false,""user_language"":""en"",""user_group_ids"":[],""subject_dimensions"":[{""clientWidth"":383,""clientHeight"":200,""naturalWidth"":766,""naturalHeight"":400}]}","[{""task"":""T0"",""value"":[{""choice"":""BUFFALO"",""answers"":{""HOWMANY"":""1"",""WHATBEHAVIORSDOYOUSEE"":[""STANDING"",""EATING""],""ARETHEREANYYOUNGPRESENT"":""NO""},""filters"":{}}]}]","{""13118615"":{""retired"":null,""Filename"":""buffalo-1.jpg""}}",13118615
71522562,Pmason,1365766,efdcc30d02f11ba73442,4994,Survey,106.2,2017-09-22 16:29:01 UTC,,,"{""session"":""129caa8544f75be44e117da005275f975fb2310e413436c6ffb11749b8c80c38"",""viewport"":{""width"":1143,""height"":856},""started_at"":""2017-09-22T16:28:49.545Z"",""user_agent"":""Mozilla/5.0 (Windows NT 10.0; Win64; x64; rv:55.0) Gecko/20100101 Firefox/55.0"",""utc_offset"":""14400"",""finished_at"":""2017-09-22T16:28:59.648Z"",""seen_before"":true,""live_project"":false,""user_language"":""en"",""user_group_ids"":[],""subject_dimensions"":[{""clientWidth"":493,""clientHeight"":257,""naturalWidth"":766,""naturalHeight"":400}]}","[{""task"":""T0"",""value"":[{""choice"":""AARDVARK"",""answers"":{""HOWMANY"":""1"",""WHATBEHAVIORSDOYOUSEE"":[""MOVING""],""ARETHEREANYYOUNGPRESENT"":""NO""},""filters"":{}}]}]","{""13118619"":{""retired"":null,""Filename"":""aardvark-2.jpg""}}",13118619
71522623,Pmason,1365766,efdcc30d02f11ba73442,4994,Survey,106.2,2017-09-22 16:29:35 UTC,,,"{""session"":""129caa8544f75be44e117da005275f975fb2310e413436c6ffb11749b8c80c38"",""viewport"":{""width"":1143,""height"":856},""started_at"":""2017-09-22T16:29:09.467Z"",""user_agent"":""Mozilla/5.0 (Windows NT 10.0; Win64; x64; rv:55.0) Gecko/20100101 Firefox/55.0"",""utc_offset"":""14400"",""finished_at"":""2017-09-22T16:29:34.224Z"",""seen_before"":true,""live_project"":false,""user_language"":""en"",""user_group_ids"":[],""subject_dimensions"":[{""clientWidth"":493,""clientHeight"":257,""naturalWidth"":766,""naturalHeight"":400}]}","[{""task"":""T0"",""value"":[{""choice"":""CARACAL"",""answers"":{""HOWMANY"":""1"",""WHATBEHAVIORSDOYOUSEE"":[""STANDING""],""ARETHEREANYYOUNGPRESENT"":""NO""},""filters"":{}}]}]","{""13118616"":{""retired"":null,""Filename"":""caracal-3.jpg""}}",13118616
71597200,Pmason,1365766,b476e8ea31686628eeef,4994,Survey,106.2,2017-09-23 14:24:34 UTC,,,"{""session"":""d3997d38b1a53da88890ec3b2c8293e9ba4fd1bdb660f7a6af4720eb0047f88c"",""viewport"":{""width"":1024,""height"":638},""started_at"":""2017-09-23T14:23:27.824Z"",""user_agent"":""Mozilla/5.0 (Windows NT 10.0; Win64; x64; rv:55.0) Gecko/20100101 Firefox/55.0"",""utc_offset"":""14400"",""finished_at"":""2017-09-23T14:24:32.865Z"",""seen_before"":true,""live_project"":false,""user_language"":""en"",""user_group_ids"":[],""subject_dimensions"":[{""clientWidth"":383,""clientHeight"":200,""naturalWidth"":766,""naturalHeight"":400}]}","[{""task"":""T0"",""value"":[{""choice"":""GENET"",""answers"":{""HOWMANY"":""1"",""WHATBEHAVIORSDOYOUSEE"":[""STANDING""],""ARETHEREANYYOUNGPRESENT"":""NO""},""filters"":{}},{""choice"":""HIPPOPOTAMUS"",""answers"":{""HOWMANY"":""3"",""WHATBEHAVIORSDOYOUSEE"":[""MOVING""],""ARETHEREANYYOUNGPRESENT"":""NO""},""filters"":{}}]}]","{""13118618"":{""retired"":null,""Filename"":""genet-2.jpg""}}",13118618
71597207,Pmason,1365766,b476e8ea31686628eeef,4994,Survey,106.2,2017-09-23 14:24:46 UTC,,,"{""session"":""d3997d38b1a53da88890ec3b2c8293e9ba4fd1bdb660f7a6af4720eb0047f88c"",""viewport"":{""width"":1024,""height"":638},""started_at"":""2017-09-23T14:24:36.706Z"",""user_agent"":""Mozilla/5.0 (Windows NT 10.0; Win64; x64; rv:55.0) Gecko/20100101 Firefox/55.0"",""utc_offset"":""14400"",""finished_at"":""2017-09-23T14:24:44.665Z"",""seen_before"":true,""live_project"":false,""user_language"":""en"",""user_group_ids"":[],""subject_dimensions"":[{""clientWidth"":383,""clientHeight"":200,""naturalWidth"":766,""naturalHeight"":400}]}","[{""task"":""T0"",""value"":[{""choice"":""NOTHINGHERE"",""answers"":{},""filters"":{}}]}]","{""13118615"":{""retired"":null,""Filename"":""buffalo-1.jpg""}}",13118615
71597228,Pmason,1365766,b476e8ea31686628eeef,4994,Survey,106.2,2017-09-23 14:25:20 UTC,,,"{""session"":""d3997d38b1a53da88890ec3b2c8293e9ba4fd1bdb660f7a6af4720eb0047f88c"",""viewport"":{""width"":1024,""height"":638},""started_at"":""2017-09-23T14:24:48.330Z"",""user_agent"":""Mozilla/5.0 (Windows NT 10.0; Win64; x64; rv:55.0) Gecko/20100101 Firefox/55.0"",""utc_offset"":""14400"",""finished_at"":""2017-09-23T14:25:18.696Z"",""seen_before"":true,""live_project"":false,""user_language"":""en"",""user_group_ids"":[],""subject_dimensions"":[{""clientWidth"":383,""clientHeight"":200,""naturalWidth"":766,""naturalHeight"":400}]}","[{""task"":""T0"",""value"":[{""choice"":""AARDVARK"",""answers"":{""HOWMANY"":""1"",""WHATBEHAVIORSDOYOUSEE"":[""MOVING""]},""filters"":{}}]}]","{""13118619"":{""retired"":null,""Filename"":""aardvark-2.jpg""}}",13118619
71597279,Pmason,1365766,b476e8ea31686628eeef,4994,Survey,106.2,2017-09-23 14:26:24 UTC,,,"{""session"":""d3997d38b1a53da88890ec3b2c8293e9ba4fd1bdb660f7a6af4720eb0047f88c"",""viewport"":{""width"":1024,""height"":638},""started_at"":""2017-09-23T14:25:20.281Z"",""user_agent"":""Mozilla/5.0 (Windows NT 10.0; Win64; x64; rv:55.0) Gecko/20100101 Firefox/55.0"",""utc_offset"":""14400"",""finished_at"":""2017-09-23T14:26:22.560Z"",""seen_before"":true,""live_project"":false,""user_language"":""en"",""user_group_ids"":[],""subject_dimensions"":[{""clientWidth"":383,""clientHeight"":200,""naturalWidth"":766,""naturalHeight"":400}]}","[{""task"":""T0"",""value"":[{""choice"":""CARACAL"",""answers"":{""HOWMANY"":""1"",""WHATBEHAVIORSDOYOUSEE"":[""STANDING""],""ARETHEREANYYOUNGPRESENT"":""NO""},""filters"":{}},{""choice"":""HARE"",""answers"":{""HOWMANY"":""1"",""WHATBEHAVIORSDOYOUSEE"":[""MOVING""],""ARETHEREANYYOUNGPRESENT"":""NO""},""filters"":{}}]}]","{""13118616"":{""retired"":null,""Filename"":""caracal-3.jpg""}}",13118616
